<?xml version="1.0" encoding="UTF-8"?>
<project-private xmlns="http://www.netbeans.org/ns/project-private/1">
    <editor-bookmarks xmlns="http://www.netbeans.org/ns/editor-bookmarks/2" lastBookmarkId="0"/>
    <open-files xmlns="http://www.netbeans.org/ns/projectui-open-files/2">
        <group>
            <file>file:/C:/Users/User/Desktop/COLLEGE%20BABY/Semester%204/OOP/TB1.2/Zoo/test/Indices/IndicesTest.java</file>
            <file>file:/C:/Users/User/Desktop/COLLEGE%20BABY/Semester%204/OOP/TB1.2/Zoo/src/Animal/Squamata/Squamata.java</file>
            <file>file:/C:/Users/User/Desktop/COLLEGE%20BABY/Semester%204/OOP/TB1.2/Zoo/src/Animal/Animal.java</file>
            <file>file:/C:/Users/User/Desktop/COLLEGE%20BABY/Semester%204/OOP/TB1.2/Zoo/src/mainz/Zoo.java</file>
            <file>file:/C:/Users/User/Desktop/COLLEGE%20BABY/Semester%204/OOP/TB1.2/Zoo/test/Animal/Carnivora/Cheetah/CheetahTest.java</file>
            <file>file:/C:/Users/User/Desktop/COLLEGE%20BABY/Semester%204/OOP/TB1.2/Zoo/test/Animal/AnimalTest.java</file>
            <file>file:/C:/Users/User/Desktop/COLLEGE%20BABY/Semester%204/OOP/TB1.2/Zoo/src/Indices/Indices.java</file>
        </group>
    </open-files>
</project-private>
